id,address1,latitude,longitude,is_open,bank,city,address2
6753,ГРЭС-1,51.7296866753615,75.3268609325407,True,"{'id': 12, 'name': 'Сбербанк', 'tr_name': 'Sberbank', 'info': '', 'rank': None, 'atm_display_rank': 0, 'mobile_logo': '/maps/media/bank_logo/icon-bank-mobile-114-Sberbank.png', 'desktop_logo': '/maps/media/bank_logo/icon-bank-desktop-38-Sberbank.png', 'accept_mc': True, 'accept_visa': True, 'mc_min_transaction': '1 000', 'mc_max_transaction': '30 000', 'visa_min_transaction': '1 000', 'visa_max_transaction': '70 000', 'mc_daily_limit': '60 000', 'visa_daily_limit': '70 000'}",Экибастуз,
1273,"пос. Солнечный, ул. Конституции, д. 3",52.0355,75.465079,True,"{'id': 4, 'name': 'ForteBank', 'tr_name': 'ФортеБанк', 'info': '', 'rank': None, 'atm_display_rank': 0, 'mobile_logo': '/maps/media/bank_logo/icon-bank-mobile-114-Fortebank.png', 'desktop_logo': '/maps/media/bank_logo/icon-bank-desktop-38-Fortebank.png', 'accept_mc': True, 'accept_visa': True, 'mc_min_transaction': '1 000', 'mc_max_transaction': '200 000', 'visa_min_transaction': '1 000', 'visa_max_transaction': '200 000', 'mc_daily_limit': '500 000', 'visa_daily_limit': '500 000'}",Экибастуз,зд. Казпочты
12592,"с. Баянаул, ул. Сатпаева, д. 53",50.792637,75.701554,True,"{'id': 19, 'name': 'Казпочта', 'tr_name': 'Kazpochta', 'info': '', 'rank': None, 'atm_display_rank': 0, 'mobile_logo': '/maps/media/bank_logo/kazpost-114.png', 'desktop_logo': '/maps/media/bank_logo/kazpost-38.png', 'accept_mc': True, 'accept_visa': True, 'mc_min_transaction': '200', 'mc_max_transaction': '60 000', 'visa_min_transaction': '1 000', 'visa_max_transaction': '300 000', 'mc_daily_limit': '300 000', 'visa_daily_limit': None}",Экибастуз,
12593,"с. Майкаин, ул. Назарбаева, д. 21",51.4583,75.7968,True,"{'id': 19, 'name': 'Казпочта', 'tr_name': 'Kazpochta', 'info': '', 'rank': None, 'atm_display_rank': 0, 'mobile_logo': '/maps/media/bank_logo/kazpost-114.png', 'desktop_logo': '/maps/media/bank_logo/kazpost-38.png', 'accept_mc': True, 'accept_visa': True, 'mc_min_transaction': '200', 'mc_max_transaction': '60 000', 'visa_min_transaction': '1 000', 'visa_max_transaction': '300 000', 'mc_daily_limit': '300 000', 'visa_daily_limit': None}",Экибастуз,
24426,"ул. 50-летия города Экибастуз, д. 1",51.7461,75.3196,False,"{'id': 3, 'name': 'Eurasian Bank', 'tr_name': 'Евразийский банк', 'info': '', 'rank': None, 'atm_display_rank': 0, 'mobile_logo': '/maps/media/bank_logo/icon-bank-mobile-114-Eurasianbank.png', 'desktop_logo': '/maps/media/bank_logo/icon-bank-desktop-38-Eurasianbank.png', 'accept_mc': True, 'accept_visa': True, 'mc_min_transaction': '1 000', 'mc_max_transaction': '200 000', 'visa_min_transaction': '1 000', 'visa_max_transaction': '200 000', 'mc_daily_limit': '500 000', 'visa_daily_limit': '500 000'}",Экибастуз,
6751,"ул. Ауэзова, д. 12",51.7308782128537,75.3297248981469,True,"{'id': 12, 'name': 'Сбербанк', 'tr_name': 'Sberbank', 'info': '', 'rank': None, 'atm_display_rank': 0, 'mobile_logo': '/maps/media/bank_logo/icon-bank-mobile-114-Sberbank.png', 'desktop_logo': '/maps/media/bank_logo/icon-bank-desktop-38-Sberbank.png', 'accept_mc': True, 'accept_visa': True, 'mc_min_transaction': '1 000', 'mc_max_transaction': '30 000', 'visa_min_transaction': '1 000', 'visa_max_transaction': '70 000', 'mc_daily_limit': '60 000', 'visa_daily_limit': '70 000'}",Экибастуз,
3778,"ул. Ауэзова, д. 126",51.7253031616235,75.2983527043673,True,"{'id': 8, 'name': 'АТФБанк', 'tr_name': 'ATFBank', 'info': '', 'rank': None, 'atm_display_rank': 0, 'mobile_logo': '/maps/media/bank_logo/icon-bank-mobile-114-ATFbank.png', 'desktop_logo': '/maps/media/bank_logo/icon-bank-desktop-38-ATFbank.png', 'accept_mc': True, 'accept_visa': True, 'mc_min_transaction': '1 000', 'mc_max_transaction': '200 000', 'visa_min_transaction': '1 000', 'visa_max_transaction': '200 000', 'mc_daily_limit': '500 000', 'visa_daily_limit': '500 000'}",Экибастуз,АО KEGOC
7273,"ул. Ауэзова, д. 15",51.7306,75.3327,True,"{'id': 12, 'name': 'Сбербанк', 'tr_name': 'Sberbank', 'info': '', 'rank': None, 'atm_display_rank': 0, 'mobile_logo': '/maps/media/bank_logo/icon-bank-mobile-114-Sberbank.png', 'desktop_logo': '/maps/media/bank_logo/icon-bank-desktop-38-Sberbank.png', 'accept_mc': True, 'accept_visa': True, 'mc_min_transaction': '1 000', 'mc_max_transaction': '30 000', 'visa_min_transaction': '1 000', 'visa_max_transaction': '70 000', 'mc_daily_limit': '60 000', 'visa_daily_limit': '70 000'}",Экибастуз,
7272,"ул. Ауэзова, д. 15",51.7306,75.3327,True,"{'id': 12, 'name': 'Сбербанк', 'tr_name': 'Sberbank', 'info': '', 'rank': None, 'atm_display_rank': 0, 'mobile_logo': '/maps/media/bank_logo/icon-bank-mobile-114-Sberbank.png', 'desktop_logo': '/maps/media/bank_logo/icon-bank-desktop-38-Sberbank.png', 'accept_mc': True, 'accept_visa': True, 'mc_min_transaction': '1 000', 'mc_max_transaction': '30 000', 'visa_min_transaction': '1 000', 'visa_max_transaction': '70 000', 'mc_daily_limit': '60 000', 'visa_daily_limit': '70 000'}",Экибастуз,
358,"ул. Ауэзова, д. 151/61",51.7226,75.2911,True,"{'id': 3, 'name': 'Eurasian Bank', 'tr_name': 'Евразийский банк', 'info': '', 'rank': None, 'atm_display_rank': 0, 'mobile_logo': '/maps/media/bank_logo/icon-bank-mobile-114-Eurasianbank.png', 'desktop_logo': '/maps/media/bank_logo/icon-bank-desktop-38-Eurasianbank.png', 'accept_mc': True, 'accept_visa': True, 'mc_min_transaction': '1 000', 'mc_max_transaction': '200 000', 'visa_min_transaction': '1 000', 'visa_max_transaction': '200 000', 'mc_daily_limit': '500 000', 'visa_daily_limit': '500 000'}",Экибастуз,"кафе ""Туркестан"""
6761,"ул. Ауэзова, д. 151/61",51.7224,75.291,True,"{'id': 12, 'name': 'Сбербанк', 'tr_name': 'Sberbank', 'info': '', 'rank': None, 'atm_display_rank': 0, 'mobile_logo': '/maps/media/bank_logo/icon-bank-mobile-114-Sberbank.png', 'desktop_logo': '/maps/media/bank_logo/icon-bank-desktop-38-Sberbank.png', 'accept_mc': True, 'accept_visa': True, 'mc_min_transaction': '1 000', 'mc_max_transaction': '30 000', 'visa_min_transaction': '1 000', 'visa_max_transaction': '70 000', 'mc_daily_limit': '60 000', 'visa_daily_limit': '70 000'}",Экибастуз,кафе Туркестан
17837,"ул. Ауэзова, д. 151/61",51.7224,75.2912,True,"{'id': 18, 'name': 'Kaspi Bank', 'tr_name': 'Каспи Банк', 'info': '', 'rank': 1, 'atm_display_rank': 0, 'mobile_logo': '/maps/media/bank_logo/icon-bank-mobile-114-Kaspibank.png', 'desktop_logo': '/maps/media/bank_logo/icon-bank-desktop-38-Kaspibank.png', 'accept_mc': True, 'accept_visa': True, 'mc_min_transaction': '1 000', 'mc_max_transaction': '1 000 000', 'visa_min_transaction': '1 000', 'visa_max_transaction': '1 000 000', 'mc_daily_limit': None, 'visa_daily_limit': None}",Экибастуз,"магазин ""Сауле"", главный вход"
6114,"ул. Ауэзова, д. 151/61",51.7226,75.2911,True,"{'id': 11, 'name': 'Нурбанк', 'tr_name': 'Nurbank', 'info': '', 'rank': None, 'atm_display_rank': 0, 'mobile_logo': '/maps/media/bank_logo/icon-bank-mobile-114-Nurbank.png', 'desktop_logo': '/maps/media/bank_logo/icon-bank-desktop-38-Nurbank.png', 'accept_mc': True, 'accept_visa': True, 'mc_min_transaction': '500', 'mc_max_transaction': '30 000', 'visa_min_transaction': '500', 'visa_max_transaction': '30 000', 'mc_daily_limit': '30 000', 'visa_daily_limit': '30 000'}",Экибастуз,"дом быта ""Сауле"""
12428,"ул. Ауэзова, д. 30",51.7291856606038,75.3207566910917,True,"{'id': 18, 'name': 'Kaspi Bank', 'tr_name': 'Каспи Банк', 'info': '', 'rank': 1, 'atm_display_rank': 0, 'mobile_logo': '/maps/media/bank_logo/icon-bank-mobile-114-Kaspibank.png', 'desktop_logo': '/maps/media/bank_logo/icon-bank-desktop-38-Kaspibank.png', 'accept_mc': True, 'accept_visa': True, 'mc_min_transaction': '1 000', 'mc_max_transaction': '1 000 000', 'visa_min_transaction': '1 000', 'visa_max_transaction': '1 000 000', 'mc_daily_limit': None, 'visa_daily_limit': None}",Экибастуз,"уг. ул. Дуйсенбаева, рядом с магазином ""Айгерим"", напротив ТРЦ Maxi Mall"
1267,"ул. Ауэзова, д. 32",51.729009515366,75.320300068542,True,"{'id': 4, 'name': 'ForteBank', 'tr_name': 'ФортеБанк', 'info': '', 'rank': None, 'atm_display_rank': 0, 'mobile_logo': '/maps/media/bank_logo/icon-bank-mobile-114-Fortebank.png', 'desktop_logo': '/maps/media/bank_logo/icon-bank-desktop-38-Fortebank.png', 'accept_mc': True, 'accept_visa': True, 'mc_min_transaction': '1 000', 'mc_max_transaction': '200 000', 'visa_min_transaction': '1 000', 'visa_max_transaction': '200 000', 'mc_daily_limit': '500 000', 'visa_daily_limit': '500 000'}",Экибастуз,ТД УАК
7376,"ул. Ауэзова, д. 36А",51.7287000157518,75.318722364418,True,"{'id': 11, 'name': 'Нурбанк', 'tr_name': 'Nurbank', 'info': '', 'rank': None, 'atm_display_rank': 0, 'mobile_logo': '/maps/media/bank_logo/icon-bank-mobile-114-Nurbank.png', 'desktop_logo': '/maps/media/bank_logo/icon-bank-desktop-38-Nurbank.png', 'accept_mc': True, 'accept_visa': True, 'mc_min_transaction': '500', 'mc_max_transaction': '30 000', 'visa_min_transaction': '500', 'visa_max_transaction': '30 000', 'mc_daily_limit': '30 000', 'visa_daily_limit': '30 000'}",Экибастуз,
6755,"ул. Ауэзова, д. 38",51.729216592115,75.3198446015341,True,"{'id': 12, 'name': 'Сбербанк', 'tr_name': 'Sberbank', 'info': '', 'rank': None, 'atm_display_rank': 0, 'mobile_logo': '/maps/media/bank_logo/icon-bank-mobile-114-Sberbank.png', 'desktop_logo': '/maps/media/bank_logo/icon-bank-desktop-38-Sberbank.png', 'accept_mc': True, 'accept_visa': True, 'mc_min_transaction': '1 000', 'mc_max_transaction': '30 000', 'visa_min_transaction': '1 000', 'visa_max_transaction': '70 000', 'mc_daily_limit': '60 000', 'visa_daily_limit': '70 000'}",Экибастуз,ТД УАК
24260,"ул. Ауэзова, д. 38",51.729158,75.319994,False,"{'id': 13, 'name': 'Jýsan Bank', 'tr_name': 'Жусан Банк', 'info': '', 'rank': None, 'atm_display_rank': 0, 'mobile_logo': '/maps/media/bank_logo/jusan-bank-m.png', 'desktop_logo': '/maps/media/bank_logo/jusan-bank-d.png', 'accept_mc': True, 'accept_visa': True, 'mc_min_transaction': '1 000', 'mc_max_transaction': '100 000', 'visa_min_transaction': '1 000', 'visa_max_transaction': '10 000', 'mc_daily_limit': '300 000', 'visa_daily_limit': '80 000'}",Экибастуз,"ТД УАК, фасадная сторона"
396,"ул. Ауэзова, д. 38",51.729395,75.319999,True,"{'id': 3, 'name': 'Eurasian Bank', 'tr_name': 'Евразийский банк', 'info': '', 'rank': None, 'atm_display_rank': 0, 'mobile_logo': '/maps/media/bank_logo/icon-bank-mobile-114-Eurasianbank.png', 'desktop_logo': '/maps/media/bank_logo/icon-bank-desktop-38-Eurasianbank.png', 'accept_mc': True, 'accept_visa': True, 'mc_min_transaction': '1 000', 'mc_max_transaction': '200 000', 'visa_min_transaction': '1 000', 'visa_max_transaction': '200 000', 'mc_daily_limit': '500 000', 'visa_daily_limit': '500 000'}",Экибастуз,ТД УАК
6750,"ул. Ауэзова, д. 47б",51.7285,75.3242,True,"{'id': 12, 'name': 'Сбербанк', 'tr_name': 'Sberbank', 'info': '', 'rank': None, 'atm_display_rank': 0, 'mobile_logo': '/maps/media/bank_logo/icon-bank-mobile-114-Sberbank.png', 'desktop_logo': '/maps/media/bank_logo/icon-bank-desktop-38-Sberbank.png', 'accept_mc': True, 'accept_visa': True, 'mc_min_transaction': '1 000', 'mc_max_transaction': '30 000', 'visa_min_transaction': '1 000', 'visa_max_transaction': '70 000', 'mc_daily_limit': '60 000', 'visa_daily_limit': '70 000'}",Экибастуз,магазин Maxi Mall
17170,"ул. Ауэзова, д. 47 Б",51.72847,75.324213,True,"{'id': 18, 'name': 'Kaspi Bank', 'tr_name': 'Каспи Банк', 'info': '', 'rank': 1, 'atm_display_rank': 0, 'mobile_logo': '/maps/media/bank_logo/icon-bank-mobile-114-Kaspibank.png', 'desktop_logo': '/maps/media/bank_logo/icon-bank-desktop-38-Kaspibank.png', 'accept_mc': True, 'accept_visa': True, 'mc_min_transaction': '1 000', 'mc_max_transaction': '1 000 000', 'visa_min_transaction': '1 000', 'visa_max_transaction': '1 000 000', 'mc_daily_limit': None, 'visa_daily_limit': None}",Экибастуз,"ТРЦ Maxi mall, банкоматная зона, напротив магазина ""Технодом"""
6115,"ул. Ауэзова, д. 47 Б",51.728476,75.324251,True,"{'id': 11, 'name': 'Нурбанк', 'tr_name': 'Nurbank', 'info': '', 'rank': None, 'atm_display_rank': 0, 'mobile_logo': '/maps/media/bank_logo/icon-bank-mobile-114-Nurbank.png', 'desktop_logo': '/maps/media/bank_logo/icon-bank-desktop-38-Nurbank.png', 'accept_mc': True, 'accept_visa': True, 'mc_min_transaction': '500', 'mc_max_transaction': '30 000', 'visa_min_transaction': '500', 'visa_max_transaction': '30 000', 'mc_daily_limit': '30 000', 'visa_daily_limit': '30 000'}",Экибастуз,ТРК Maxi Mall
4230,"ул. Ауэзова, д. 47Б",51.72846025,75.32425851,True,"{'id': 9, 'name': 'Банк ЦентрКредит', 'tr_name': 'Bank CentrKredit', 'info': '', 'rank': None, 'atm_display_rank': 0, 'mobile_logo': '/maps/media/bank_logo/icon-bank-mobile-114-BCK.png', 'desktop_logo': '/maps/media/bank_logo/icon-bank-desktop-38-BCK.png', 'accept_mc': True, 'accept_visa': True, 'mc_min_transaction': '1 000', 'mc_max_transaction': '200 000', 'visa_min_transaction': '1 000', 'visa_max_transaction': '200 000', 'mc_daily_limit': '500 000', 'visa_daily_limit': '500 000'}",Экибастуз,ТД Maxi Mall
3788,"ул. Ауэзова, д. 47Б",51.7286,75.3239,True,"{'id': 8, 'name': 'АТФБанк', 'tr_name': 'ATFBank', 'info': '', 'rank': None, 'atm_display_rank': 0, 'mobile_logo': '/maps/media/bank_logo/icon-bank-mobile-114-ATFbank.png', 'desktop_logo': '/maps/media/bank_logo/icon-bank-desktop-38-ATFbank.png', 'accept_mc': True, 'accept_visa': True, 'mc_min_transaction': '1 000', 'mc_max_transaction': '200 000', 'visa_min_transaction': '1 000', 'visa_max_transaction': '200 000', 'mc_daily_limit': '500 000', 'visa_daily_limit': '500 000'}",Экибастуз,ТД MAXIMALL
1265,"ул. Ауэзова, д. 49 Б",51.727868,75.321495,False,"{'id': 4, 'name': 'ForteBank', 'tr_name': 'ФортеБанк', 'info': '', 'rank': None, 'atm_display_rank': 0, 'mobile_logo': '/maps/media/bank_logo/icon-bank-mobile-114-Fortebank.png', 'desktop_logo': '/maps/media/bank_logo/icon-bank-desktop-38-Fortebank.png', 'accept_mc': True, 'accept_visa': True, 'mc_min_transaction': '1 000', 'mc_max_transaction': '200 000', 'visa_min_transaction': '1 000', 'visa_max_transaction': '200 000', 'mc_daily_limit': '500 000', 'visa_daily_limit': '500 000'}",Экибастуз,ТЦ БОЛАШАК
17171,"ул. Ауэзова, д. 49 Б",51.728297,75.322051,True,"{'id': 18, 'name': 'Kaspi Bank', 'tr_name': 'Каспи Банк', 'info': '', 'rank': 1, 'atm_display_rank': 0, 'mobile_logo': '/maps/media/bank_logo/icon-bank-mobile-114-Kaspibank.png', 'desktop_logo': '/maps/media/bank_logo/icon-bank-desktop-38-Kaspibank.png', 'accept_mc': True, 'accept_visa': True, 'mc_min_transaction': '1 000', 'mc_max_transaction': '1 000 000', 'visa_min_transaction': '1 000', 'visa_max_transaction': '1 000 000', 'mc_daily_limit': None, 'visa_daily_limit': None}",Экибастуз,"ТД Болашак +, главный вход, возле посудного отдела"
9294,"ул. Ауэзова, д. 49Б",51.7281,75.3221,True,"{'id': 13, 'name': 'Jýsan Bank', 'tr_name': 'Жусан Банк', 'info': '', 'rank': None, 'atm_display_rank': 0, 'mobile_logo': '/maps/media/bank_logo/jusan-bank-m.png', 'desktop_logo': '/maps/media/bank_logo/jusan-bank-d.png', 'accept_mc': True, 'accept_visa': True, 'mc_min_transaction': '1 000', 'mc_max_transaction': '100 000', 'visa_min_transaction': '1 000', 'visa_max_transaction': '10 000', 'mc_daily_limit': '300 000', 'visa_daily_limit': '80 000'}",Экибастуз,ТД Болашак+
6760,"ул. Ауэзова, д. 49Б",51.7279,75.3214,True,"{'id': 12, 'name': 'Сбербанк', 'tr_name': 'Sberbank', 'info': '', 'rank': None, 'atm_display_rank': 0, 'mobile_logo': '/maps/media/bank_logo/icon-bank-mobile-114-Sberbank.png', 'desktop_logo': '/maps/media/bank_logo/icon-bank-desktop-38-Sberbank.png', 'accept_mc': True, 'accept_visa': True, 'mc_min_transaction': '1 000', 'mc_max_transaction': '30 000', 'visa_min_transaction': '1 000', 'visa_max_transaction': '70 000', 'mc_daily_limit': '60 000', 'visa_daily_limit': '70 000'}",Экибастуз,ТРЦ Болашак +
4229,"ул. Ауэзова, д. 51А",51.7274965486457,75.3197797645557,True,"{'id': 9, 'name': 'Банк ЦентрКредит', 'tr_name': 'Bank CentrKredit', 'info': '', 'rank': None, 'atm_display_rank': 0, 'mobile_logo': '/maps/media/bank_logo/icon-bank-mobile-114-BCK.png', 'desktop_logo': '/maps/media/bank_logo/icon-bank-desktop-38-BCK.png', 'accept_mc': True, 'accept_visa': True, 'mc_min_transaction': '1 000', 'mc_max_transaction': '200 000', 'visa_min_transaction': '1 000', 'visa_max_transaction': '200 000', 'mc_daily_limit': '500 000', 'visa_daily_limit': '500 000'}",Экибастуз,
17151,"ул. Ауэзова, д. 51А",51.7273,75.3187,True,"{'id': 9, 'name': 'Банк ЦентрКредит', 'tr_name': 'Bank CentrKredit', 'info': '', 'rank': None, 'atm_display_rank': 0, 'mobile_logo': '/maps/media/bank_logo/icon-bank-mobile-114-BCK.png', 'desktop_logo': '/maps/media/bank_logo/icon-bank-desktop-38-BCK.png', 'accept_mc': True, 'accept_visa': True, 'mc_min_transaction': '1 000', 'mc_max_transaction': '200 000', 'visa_min_transaction': '1 000', 'visa_max_transaction': '200 000', 'mc_daily_limit': '500 000', 'visa_daily_limit': '500 000'}",Экибастуз,
17843,"ул. Ауэзова, д. 53/2",51.7271,75.319,True,"{'id': 18, 'name': 'Kaspi Bank', 'tr_name': 'Каспи Банк', 'info': '', 'rank': 1, 'atm_display_rank': 0, 'mobile_logo': '/maps/media/bank_logo/icon-bank-mobile-114-Kaspibank.png', 'desktop_logo': '/maps/media/bank_logo/icon-bank-desktop-38-Kaspibank.png', 'accept_mc': True, 'accept_visa': True, 'mc_min_transaction': '1 000', 'mc_max_transaction': '1 000 000', 'visa_min_transaction': '1 000', 'visa_max_transaction': '1 000 000', 'mc_daily_limit': None, 'visa_daily_limit': None}",Экибастуз,"ТД Сириус, у главного входа"
1269,"ул. Ауэзова, д. 53Б",51.7269755098939,75.3207585350558,True,"{'id': 4, 'name': 'ForteBank', 'tr_name': 'ФортеБанк', 'info': '', 'rank': None, 'atm_display_rank': 0, 'mobile_logo': '/maps/media/bank_logo/icon-bank-mobile-114-Fortebank.png', 'desktop_logo': '/maps/media/bank_logo/icon-bank-desktop-38-Fortebank.png', 'accept_mc': True, 'accept_visa': True, 'mc_min_transaction': '1 000', 'mc_max_transaction': '200 000', 'visa_min_transaction': '1 000', 'visa_max_transaction': '200 000', 'mc_daily_limit': '500 000', 'visa_daily_limit': '500 000'}",Экибастуз,ТД Сары Арка
24268,"ул. Ауэзова, д. 53В",51.726919,75.320619,False,"{'id': 13, 'name': 'Jýsan Bank', 'tr_name': 'Жусан Банк', 'info': '', 'rank': None, 'atm_display_rank': 0, 'mobile_logo': '/maps/media/bank_logo/jusan-bank-m.png', 'desktop_logo': '/maps/media/bank_logo/jusan-bank-d.png', 'accept_mc': True, 'accept_visa': True, 'mc_min_transaction': '1 000', 'mc_max_transaction': '100 000', 'visa_min_transaction': '1 000', 'visa_max_transaction': '10 000', 'mc_daily_limit': '300 000', 'visa_daily_limit': '80 000'}",Экибастуз,ТД Сары Арка
1271,"ул. Ауэзова, д. 81",51.725886142896,75.308884586975,True,"{'id': 4, 'name': 'ForteBank', 'tr_name': 'ФортеБанк', 'info': '', 'rank': None, 'atm_display_rank': 0, 'mobile_logo': '/maps/media/bank_logo/icon-bank-mobile-114-Fortebank.png', 'desktop_logo': '/maps/media/bank_logo/icon-bank-desktop-38-Fortebank.png', 'accept_mc': True, 'accept_visa': True, 'mc_min_transaction': '1 000', 'mc_max_transaction': '200 000', 'visa_min_transaction': '1 000', 'visa_max_transaction': '200 000', 'mc_daily_limit': '500 000', 'visa_daily_limit': '500 000'}",Экибастуз,
24425,"ул. Беркимбаева, д. 101/1",51.7213,75.3079,False,"{'id': 3, 'name': 'Eurasian Bank', 'tr_name': 'Евразийский банк', 'info': '', 'rank': None, 'atm_display_rank': 0, 'mobile_logo': '/maps/media/bank_logo/icon-bank-mobile-114-Eurasianbank.png', 'desktop_logo': '/maps/media/bank_logo/icon-bank-desktop-38-Eurasianbank.png', 'accept_mc': True, 'accept_visa': True, 'mc_min_transaction': '1 000', 'mc_max_transaction': '200 000', 'visa_min_transaction': '1 000', 'visa_max_transaction': '200 000', 'mc_daily_limit': '500 000', 'visa_daily_limit': '500 000'}",Экибастуз,"магазин ""Daria food"""
6757,"ул. Беркимбаева, д. 184а",51.706873444194,75.30854431877,True,"{'id': 12, 'name': 'Сбербанк', 'tr_name': 'Sberbank', 'info': '', 'rank': None, 'atm_display_rank': 0, 'mobile_logo': '/maps/media/bank_logo/icon-bank-mobile-114-Sberbank.png', 'desktop_logo': '/maps/media/bank_logo/icon-bank-desktop-38-Sberbank.png', 'accept_mc': True, 'accept_visa': True, 'mc_min_transaction': '1 000', 'mc_max_transaction': '30 000', 'visa_min_transaction': '1 000', 'visa_max_transaction': '70 000', 'mc_daily_limit': '60 000', 'visa_daily_limit': '70 000'}",Экибастуз,магазин Сказка-Плюс
6762,"ул. Беркимбаева, д. 184а",51.7068467813748,75.3084454278932,True,"{'id': 12, 'name': 'Сбербанк', 'tr_name': 'Sberbank', 'info': '', 'rank': None, 'atm_display_rank': 0, 'mobile_logo': '/maps/media/bank_logo/icon-bank-mobile-114-Sberbank.png', 'desktop_logo': '/maps/media/bank_logo/icon-bank-desktop-38-Sberbank.png', 'accept_mc': True, 'accept_visa': True, 'mc_min_transaction': '1 000', 'mc_max_transaction': '30 000', 'visa_min_transaction': '1 000', 'visa_max_transaction': '70 000', 'mc_daily_limit': '60 000', 'visa_daily_limit': '70 000'}",Экибастуз,
6754,"ул. Беркимбаева, д. 93",51.7248,75.3053,True,"{'id': 12, 'name': 'Сбербанк', 'tr_name': 'Sberbank', 'info': '', 'rank': None, 'atm_display_rank': 0, 'mobile_logo': '/maps/media/bank_logo/icon-bank-mobile-114-Sberbank.png', 'desktop_logo': '/maps/media/bank_logo/icon-bank-desktop-38-Sberbank.png', 'accept_mc': True, 'accept_visa': True, 'mc_min_transaction': '1 000', 'mc_max_transaction': '30 000', 'visa_min_transaction': '1 000', 'visa_max_transaction': '70 000', 'mc_daily_limit': '60 000', 'visa_daily_limit': '70 000'}",Экибастуз,магазин София
1257,"ул. Горняков, 18",51.7348610268668,75.3186553286964,True,"{'id': 4, 'name': 'ForteBank', 'tr_name': 'ФортеБанк', 'info': '', 'rank': None, 'atm_display_rank': 0, 'mobile_logo': '/maps/media/bank_logo/icon-bank-mobile-114-Fortebank.png', 'desktop_logo': '/maps/media/bank_logo/icon-bank-desktop-38-Fortebank.png', 'accept_mc': True, 'accept_visa': True, 'mc_min_transaction': '1 000', 'mc_max_transaction': '200 000', 'visa_min_transaction': '1 000', 'visa_max_transaction': '200 000', 'mc_daily_limit': '500 000', 'visa_daily_limit': '500 000'}",Экибастуз,
19796,"ул. Горняков, д. 16",51.7346,75.3189,True,"{'id': 18, 'name': 'Kaspi Bank', 'tr_name': 'Каспи Банк', 'info': '', 'rank': 1, 'atm_display_rank': 0, 'mobile_logo': '/maps/media/bank_logo/icon-bank-mobile-114-Kaspibank.png', 'desktop_logo': '/maps/media/bank_logo/icon-bank-desktop-38-Kaspibank.png', 'accept_mc': True, 'accept_visa': True, 'mc_min_transaction': '1 000', 'mc_max_transaction': '1 000 000', 'visa_min_transaction': '1 000', 'visa_max_transaction': '1 000 000', 'mc_daily_limit': None, 'visa_daily_limit': None}",Экибастуз,"магазин ""Богатырь"""
17840,"ул. Горняков, д. 18",51.7342,75.3186,True,"{'id': 18, 'name': 'Kaspi Bank', 'tr_name': 'Каспи Банк', 'info': '', 'rank': 1, 'atm_display_rank': 0, 'mobile_logo': '/maps/media/bank_logo/icon-bank-mobile-114-Kaspibank.png', 'desktop_logo': '/maps/media/bank_logo/icon-bank-desktop-38-Kaspibank.png', 'accept_mc': True, 'accept_visa': True, 'mc_min_transaction': '1 000', 'mc_max_transaction': '1 000 000', 'visa_min_transaction': '1 000', 'visa_max_transaction': '1 000 000', 'mc_daily_limit': None, 'visa_daily_limit': None}",Экибастуз,"магазин ""Сказка"", главный вход"
6763,"ул. Горняков, д. 18",51.7347966693859,75.3185088048918,True,"{'id': 12, 'name': 'Сбербанк', 'tr_name': 'Sberbank', 'info': '', 'rank': None, 'atm_display_rank': 0, 'mobile_logo': '/maps/media/bank_logo/icon-bank-mobile-114-Sberbank.png', 'desktop_logo': '/maps/media/bank_logo/icon-bank-desktop-38-Sberbank.png', 'accept_mc': True, 'accept_visa': True, 'mc_min_transaction': '1 000', 'mc_max_transaction': '30 000', 'visa_min_transaction': '1 000', 'visa_max_transaction': '70 000', 'mc_daily_limit': '60 000', 'visa_daily_limit': '70 000'}",Экибастуз,ТД Сказка
1268,"ул. Горняков, д. 22",51.7344787348552,75.3184144756041,True,"{'id': 4, 'name': 'ForteBank', 'tr_name': 'ФортеБанк', 'info': '', 'rank': None, 'atm_display_rank': 0, 'mobile_logo': '/maps/media/bank_logo/icon-bank-mobile-114-Fortebank.png', 'desktop_logo': '/maps/media/bank_logo/icon-bank-desktop-38-Fortebank.png', 'accept_mc': True, 'accept_visa': True, 'mc_min_transaction': '1 000', 'mc_max_transaction': '200 000', 'visa_min_transaction': '1 000', 'visa_max_transaction': '200 000', 'mc_daily_limit': '500 000', 'visa_daily_limit': '500 000'}",Экибастуз,ТД Элегант
3790,"ул. Горняков, д. 22",51.7342,75.3185,True,"{'id': 8, 'name': 'АТФБанк', 'tr_name': 'ATFBank', 'info': '', 'rank': None, 'atm_display_rank': 0, 'mobile_logo': '/maps/media/bank_logo/icon-bank-mobile-114-ATFbank.png', 'desktop_logo': '/maps/media/bank_logo/icon-bank-desktop-38-ATFbank.png', 'accept_mc': True, 'accept_visa': True, 'mc_min_transaction': '1 000', 'mc_max_transaction': '200 000', 'visa_min_transaction': '1 000', 'visa_max_transaction': '200 000', 'mc_daily_limit': '500 000', 'visa_daily_limit': '500 000'}",Экибастуз,ЦБО №1
3794,"ул. Горняков, д. 22",51.7343,75.3187,True,"{'id': 8, 'name': 'АТФБанк', 'tr_name': 'ATFBank', 'info': '', 'rank': None, 'atm_display_rank': 0, 'mobile_logo': '/maps/media/bank_logo/icon-bank-mobile-114-ATFbank.png', 'desktop_logo': '/maps/media/bank_logo/icon-bank-desktop-38-ATFbank.png', 'accept_mc': True, 'accept_visa': True, 'mc_min_transaction': '1 000', 'mc_max_transaction': '200 000', 'visa_min_transaction': '1 000', 'visa_max_transaction': '200 000', 'mc_daily_limit': '500 000', 'visa_daily_limit': '500 000'}",Экибастуз,ЦБО №1
24267,"ул. Кеншилер, д. 18",51.734824,75.318616,False,"{'id': 13, 'name': 'Jýsan Bank', 'tr_name': 'Жусан Банк', 'info': '', 'rank': None, 'atm_display_rank': 0, 'mobile_logo': '/maps/media/bank_logo/jusan-bank-m.png', 'desktop_logo': '/maps/media/bank_logo/jusan-bank-d.png', 'accept_mc': True, 'accept_visa': True, 'mc_min_transaction': '1 000', 'mc_max_transaction': '100 000', 'visa_min_transaction': '1 000', 'visa_max_transaction': '10 000', 'mc_daily_limit': '300 000', 'visa_daily_limit': '80 000'}",Экибастуз,ТД Мебельный
6752,"ул. Кунаева, д. 105",51.7297,75.3266,True,"{'id': 12, 'name': 'Сбербанк', 'tr_name': 'Sberbank', 'info': '', 'rank': None, 'atm_display_rank': 0, 'mobile_logo': '/maps/media/bank_logo/icon-bank-mobile-114-Sberbank.png', 'desktop_logo': '/maps/media/bank_logo/icon-bank-desktop-38-Sberbank.png', 'accept_mc': True, 'accept_visa': True, 'mc_min_transaction': '1 000', 'mc_max_transaction': '30 000', 'visa_min_transaction': '1 000', 'visa_max_transaction': '70 000', 'mc_daily_limit': '60 000', 'visa_daily_limit': '70 000'}",Экибастуз,
1262,"ул. Ленина, д. 36А",51.7340126663809,75.3237136521425,True,"{'id': 4, 'name': 'ForteBank', 'tr_name': 'ФортеБанк', 'info': '', 'rank': None, 'atm_display_rank': 0, 'mobile_logo': '/maps/media/bank_logo/icon-bank-mobile-114-Fortebank.png', 'desktop_logo': '/maps/media/bank_logo/icon-bank-desktop-38-Fortebank.png', 'accept_mc': True, 'accept_visa': True, 'mc_min_transaction': '1 000', 'mc_max_transaction': '200 000', 'visa_min_transaction': '1 000', 'visa_max_transaction': '200 000', 'mc_daily_limit': '500 000', 'visa_daily_limit': '500 000'}",Экибастуз,ТОО Техцентр Аверс
8138,"ул. Ленина, д. 57а",51.7242,75.3298,True,"{'id': 4, 'name': 'ForteBank', 'tr_name': 'ФортеБанк', 'info': '', 'rank': None, 'atm_display_rank': 0, 'mobile_logo': '/maps/media/bank_logo/icon-bank-mobile-114-Fortebank.png', 'desktop_logo': '/maps/media/bank_logo/icon-bank-desktop-38-Fortebank.png', 'accept_mc': True, 'accept_visa': True, 'mc_min_transaction': '1 000', 'mc_max_transaction': '200 000', 'visa_min_transaction': '1 000', 'visa_max_transaction': '200 000', 'mc_daily_limit': '500 000', 'visa_daily_limit': '500 000'}",Экибастуз,
8137,"ул. Ленина, д. 57А",51.7242,75.3299,True,"{'id': 4, 'name': 'ForteBank', 'tr_name': 'ФортеБанк', 'info': '', 'rank': None, 'atm_display_rank': 0, 'mobile_logo': '/maps/media/bank_logo/icon-bank-mobile-114-Fortebank.png', 'desktop_logo': '/maps/media/bank_logo/icon-bank-desktop-38-Fortebank.png', 'accept_mc': True, 'accept_visa': True, 'mc_min_transaction': '1 000', 'mc_max_transaction': '200 000', 'visa_min_transaction': '1 000', 'visa_max_transaction': '200 000', 'mc_daily_limit': '500 000', 'visa_daily_limit': '500 000'}",Экибастуз,
1259,"ул. Ленина, д. 83А",51.7216285943651,75.3312681384224,True,"{'id': 4, 'name': 'ForteBank', 'tr_name': 'ФортеБанк', 'info': '', 'rank': None, 'atm_display_rank': 0, 'mobile_logo': '/maps/media/bank_logo/icon-bank-mobile-114-Fortebank.png', 'desktop_logo': '/maps/media/bank_logo/icon-bank-desktop-38-Fortebank.png', 'accept_mc': True, 'accept_visa': True, 'mc_min_transaction': '1 000', 'mc_max_transaction': '200 000', 'visa_min_transaction': '1 000', 'visa_max_transaction': '200 000', 'mc_daily_limit': '500 000', 'visa_daily_limit': '500 000'}",Экибастуз,ТД Достык
1264,"ул. М.Ауэзова, д. 126",51.7253399557244,75.2983703902125,True,"{'id': 4, 'name': 'ForteBank', 'tr_name': 'ФортеБанк', 'info': '', 'rank': None, 'atm_display_rank': 0, 'mobile_logo': '/maps/media/bank_logo/icon-bank-mobile-114-Fortebank.png', 'desktop_logo': '/maps/media/bank_logo/icon-bank-desktop-38-Fortebank.png', 'accept_mc': True, 'accept_visa': True, 'mc_min_transaction': '1 000', 'mc_max_transaction': '200 000', 'visa_min_transaction': '1 000', 'visa_max_transaction': '200 000', 'mc_daily_limit': '500 000', 'visa_daily_limit': '500 000'}",Экибастуз,АО KEGOK
24263,"ул. М.Ауэзова, д. 151/61",51.722473,75.290526,False,"{'id': 13, 'name': 'Jýsan Bank', 'tr_name': 'Жусан Банк', 'info': '', 'rank': None, 'atm_display_rank': 0, 'mobile_logo': '/maps/media/bank_logo/jusan-bank-m.png', 'desktop_logo': '/maps/media/bank_logo/jusan-bank-d.png', 'accept_mc': True, 'accept_visa': True, 'mc_min_transaction': '1 000', 'mc_max_transaction': '100 000', 'visa_min_transaction': '1 000', 'visa_max_transaction': '10 000', 'mc_daily_limit': '300 000', 'visa_daily_limit': '80 000'}",Экибастуз,ТЦ Сауле
1266,"ул. М.Ауэзова, д. 161",51.7221255243308,75.2898054349616,True,"{'id': 4, 'name': 'ForteBank', 'tr_name': 'ФортеБанк', 'info': '', 'rank': None, 'atm_display_rank': 0, 'mobile_logo': '/maps/media/bank_logo/icon-bank-mobile-114-Fortebank.png', 'desktop_logo': '/maps/media/bank_logo/icon-bank-desktop-38-Fortebank.png', 'accept_mc': True, 'accept_visa': True, 'mc_min_transaction': '1 000', 'mc_max_transaction': '200 000', 'visa_min_transaction': '1 000', 'visa_max_transaction': '200 000', 'mc_daily_limit': '500 000', 'visa_daily_limit': '500 000'}",Экибастуз,ТД Алтын Орда
16958,"ул. М.Ауэзова, д. 47Б",51.72847,75.324268712841,True,"{'id': 4, 'name': 'ForteBank', 'tr_name': 'ФортеБанк', 'info': '', 'rank': None, 'atm_display_rank': 0, 'mobile_logo': '/maps/media/bank_logo/icon-bank-mobile-114-Fortebank.png', 'desktop_logo': '/maps/media/bank_logo/icon-bank-desktop-38-Fortebank.png', 'accept_mc': True, 'accept_visa': True, 'mc_min_transaction': '1 000', 'mc_max_transaction': '200 000', 'visa_min_transaction': '1 000', 'visa_max_transaction': '200 000', 'mc_daily_limit': '500 000', 'visa_daily_limit': '500 000'}",Экибастуз,ТРЦ Maxi Mall
8644,"ул. М.Ауэзова, д. 49Б/1",51.72841,75.322487,True,"{'id': 3, 'name': 'Eurasian Bank', 'tr_name': 'Евразийский банк', 'info': '', 'rank': None, 'atm_display_rank': 0, 'mobile_logo': '/maps/media/bank_logo/icon-bank-mobile-114-Eurasianbank.png', 'desktop_logo': '/maps/media/bank_logo/icon-bank-desktop-38-Eurasianbank.png', 'accept_mc': True, 'accept_visa': True, 'mc_min_transaction': '1 000', 'mc_max_transaction': '200 000', 'visa_min_transaction': '1 000', 'visa_max_transaction': '200 000', 'mc_daily_limit': '500 000', 'visa_daily_limit': '500 000'}",Экибастуз,ТД Болашак+
24496,"ул. Машһур Жүсупа, д. 54",51.723898,75.328627,False,"{'id': 3, 'name': 'Eurasian Bank', 'tr_name': 'Евразийский банк', 'info': '', 'rank': None, 'atm_display_rank': 0, 'mobile_logo': '/maps/media/bank_logo/icon-bank-mobile-114-Eurasianbank.png', 'desktop_logo': '/maps/media/bank_logo/icon-bank-desktop-38-Eurasianbank.png', 'accept_mc': True, 'accept_visa': True, 'mc_min_transaction': '1 000', 'mc_max_transaction': '200 000', 'visa_min_transaction': '1 000', 'visa_max_transaction': '200 000', 'mc_daily_limit': '500 000', 'visa_daily_limit': '500 000'}",Экибастуз,"отделение ""Eurasian Bank"""
24497,"ул. Машхур Жусупа, д. 78",51.719143,75.330808,False,"{'id': 3, 'name': 'Eurasian Bank', 'tr_name': 'Евразийский банк', 'info': '', 'rank': None, 'atm_display_rank': 0, 'mobile_logo': '/maps/media/bank_logo/icon-bank-mobile-114-Eurasianbank.png', 'desktop_logo': '/maps/media/bank_logo/icon-bank-desktop-38-Eurasianbank.png', 'accept_mc': True, 'accept_visa': True, 'mc_min_transaction': '1 000', 'mc_max_transaction': '200 000', 'visa_min_transaction': '1 000', 'visa_max_transaction': '200 000', 'mc_daily_limit': '500 000', 'visa_daily_limit': '500 000'}",Экибастуз,"магазин ""Шахтер"""
24266,"ул. Машһур Жүсупа, д. 78",51.718951,75.330984,False,"{'id': 13, 'name': 'Jýsan Bank', 'tr_name': 'Жусан Банк', 'info': '', 'rank': None, 'atm_display_rank': 0, 'mobile_logo': '/maps/media/bank_logo/jusan-bank-m.png', 'desktop_logo': '/maps/media/bank_logo/jusan-bank-d.png', 'accept_mc': True, 'accept_visa': True, 'mc_min_transaction': '1 000', 'mc_max_transaction': '100 000', 'visa_min_transaction': '1 000', 'visa_max_transaction': '10 000', 'mc_daily_limit': '300 000', 'visa_daily_limit': '80 000'}",Экибастуз,ТД Шахтер
24258,"ул. Машһүр Жүсупа, д. 92/1",51.715069,75.332351,False,"{'id': 13, 'name': 'Jýsan Bank', 'tr_name': 'Жусан Банк', 'info': '', 'rank': None, 'atm_display_rank': 0, 'mobile_logo': '/maps/media/bank_logo/jusan-bank-m.png', 'desktop_logo': '/maps/media/bank_logo/jusan-bank-d.png', 'accept_mc': True, 'accept_visa': True, 'mc_min_transaction': '1 000', 'mc_max_transaction': '100 000', 'visa_min_transaction': '1 000', 'visa_max_transaction': '10 000', 'mc_daily_limit': '300 000', 'visa_daily_limit': '80 000'}",Экибастуз,"отделение ""Jýsan Bank"""
11887,"ул. М.Жусупа, д. 153А",51.7032,75.3402,True,"{'id': 13, 'name': 'Jýsan Bank', 'tr_name': 'Жусан Банк', 'info': '', 'rank': None, 'atm_display_rank': 0, 'mobile_logo': '/maps/media/bank_logo/jusan-bank-m.png', 'desktop_logo': '/maps/media/bank_logo/jusan-bank-d.png', 'accept_mc': True, 'accept_visa': True, 'mc_min_transaction': '1 000', 'mc_max_transaction': '100 000', 'visa_min_transaction': '1 000', 'visa_max_transaction': '10 000', 'mc_daily_limit': '300 000', 'visa_daily_limit': '80 000'}",Экибастуз,ТД Сәтті
9473,"ул. М.Жусупа, д. 153А",51.7032,75.3401,False,"{'id': 4, 'name': 'ForteBank', 'tr_name': 'ФортеБанк', 'info': '', 'rank': None, 'atm_display_rank': 0, 'mobile_logo': '/maps/media/bank_logo/icon-bank-mobile-114-Fortebank.png', 'desktop_logo': '/maps/media/bank_logo/icon-bank-desktop-38-Fortebank.png', 'accept_mc': True, 'accept_visa': True, 'mc_min_transaction': '1 000', 'mc_max_transaction': '200 000', 'visa_min_transaction': '1 000', 'visa_max_transaction': '200 000', 'mc_daily_limit': '500 000', 'visa_daily_limit': '500 000'}",Экибастуз,"супермаркет ""Сәтті"""
6756,"ул. М.Жусупа, д. 35",51.7330999274136,75.3254678134917,True,"{'id': 12, 'name': 'Сбербанк', 'tr_name': 'Sberbank', 'info': '', 'rank': None, 'atm_display_rank': 0, 'mobile_logo': '/maps/media/bank_logo/icon-bank-mobile-114-Sberbank.png', 'desktop_logo': '/maps/media/bank_logo/icon-bank-desktop-38-Sberbank.png', 'accept_mc': True, 'accept_visa': True, 'mc_min_transaction': '1 000', 'mc_max_transaction': '30 000', 'visa_min_transaction': '1 000', 'visa_max_transaction': '70 000', 'mc_daily_limit': '60 000', 'visa_daily_limit': '70 000'}",Экибастуз,
17172,"ул. М.Жусупа, д. 52В",51.725731,75.32724,True,"{'id': 18, 'name': 'Kaspi Bank', 'tr_name': 'Каспи Банк', 'info': '', 'rank': 1, 'atm_display_rank': 0, 'mobile_logo': '/maps/media/bank_logo/icon-bank-mobile-114-Kaspibank.png', 'desktop_logo': '/maps/media/bank_logo/icon-bank-desktop-38-Kaspibank.png', 'accept_mc': True, 'accept_visa': True, 'mc_min_transaction': '1 000', 'mc_max_transaction': '1 000 000', 'visa_min_transaction': '1 000', 'visa_max_transaction': '1 000 000', 'mc_daily_limit': None, 'visa_daily_limit': None}",Экибастуз,"ТД Камила, главный вход, рядом с Ломбардом"
3789,"ул. М.Жусупа, д. 52В",51.7258,75.3273,True,"{'id': 8, 'name': 'АТФБанк', 'tr_name': 'ATFBank', 'info': '', 'rank': None, 'atm_display_rank': 0, 'mobile_logo': '/maps/media/bank_logo/icon-bank-mobile-114-ATFbank.png', 'desktop_logo': '/maps/media/bank_logo/icon-bank-desktop-38-ATFbank.png', 'accept_mc': True, 'accept_visa': True, 'mc_min_transaction': '1 000', 'mc_max_transaction': '200 000', 'visa_min_transaction': '1 000', 'visa_max_transaction': '200 000', 'mc_daily_limit': '500 000', 'visa_daily_limit': '500 000'}",Экибастуз,
3785,"ул. М.Жусупа, д. 72",51.7190283632014,75.3303019239403,True,"{'id': 8, 'name': 'АТФБанк', 'tr_name': 'ATFBank', 'info': '', 'rank': None, 'atm_display_rank': 0, 'mobile_logo': '/maps/media/bank_logo/icon-bank-mobile-114-ATFbank.png', 'desktop_logo': '/maps/media/bank_logo/icon-bank-desktop-38-ATFbank.png', 'accept_mc': True, 'accept_visa': True, 'mc_min_transaction': '1 000', 'mc_max_transaction': '200 000', 'visa_min_transaction': '1 000', 'visa_max_transaction': '200 000', 'mc_daily_limit': '500 000', 'visa_daily_limit': '500 000'}",Экибастуз,
18563,"ул. М.Жусупа, д. 72",51.7191,75.3311,False,"{'id': 4, 'name': 'ForteBank', 'tr_name': 'ФортеБанк', 'info': '', 'rank': None, 'atm_display_rank': 0, 'mobile_logo': '/maps/media/bank_logo/icon-bank-mobile-114-Fortebank.png', 'desktop_logo': '/maps/media/bank_logo/icon-bank-desktop-38-Fortebank.png', 'accept_mc': True, 'accept_visa': True, 'mc_min_transaction': '1 000', 'mc_max_transaction': '200 000', 'visa_min_transaction': '1 000', 'visa_max_transaction': '200 000', 'mc_daily_limit': '500 000', 'visa_daily_limit': '500 000'}",Экибастуз,ТД Шахтер
12425,"ул. М.Жусупа, д. 72А",51.719432048412,75.330744875778,True,"{'id': 18, 'name': 'Kaspi Bank', 'tr_name': 'Каспи Банк', 'info': '', 'rank': 1, 'atm_display_rank': 0, 'mobile_logo': '/maps/media/bank_logo/icon-bank-mobile-114-Kaspibank.png', 'desktop_logo': '/maps/media/bank_logo/icon-bank-desktop-38-Kaspibank.png', 'accept_mc': True, 'accept_visa': True, 'mc_min_transaction': '1 000', 'mc_max_transaction': '1 000 000', 'visa_min_transaction': '1 000', 'visa_max_transaction': '1 000 000', 'mc_daily_limit': None, 'visa_daily_limit': None}",Экибастуз,"рядом с магазином ""Шахтер"""
6759,"ул. М.Жусупа, д. 78",51.7188529132916,75.3308806924799,True,"{'id': 12, 'name': 'Сбербанк', 'tr_name': 'Sberbank', 'info': '', 'rank': None, 'atm_display_rank': 0, 'mobile_logo': '/maps/media/bank_logo/icon-bank-mobile-114-Sberbank.png', 'desktop_logo': '/maps/media/bank_logo/icon-bank-desktop-38-Sberbank.png', 'accept_mc': True, 'accept_visa': True, 'mc_min_transaction': '1 000', 'mc_max_transaction': '30 000', 'visa_min_transaction': '1 000', 'visa_max_transaction': '70 000', 'mc_daily_limit': '60 000', 'visa_daily_limit': '70 000'}",Экибастуз,
17842,"ул. М.Жусупа, д. 83А",51.7215,75.3312,True,"{'id': 18, 'name': 'Kaspi Bank', 'tr_name': 'Каспи Банк', 'info': '', 'rank': 1, 'atm_display_rank': 0, 'mobile_logo': '/maps/media/bank_logo/icon-bank-mobile-114-Kaspibank.png', 'desktop_logo': '/maps/media/bank_logo/icon-bank-desktop-38-Kaspibank.png', 'accept_mc': True, 'accept_visa': True, 'mc_min_transaction': '1 000', 'mc_max_transaction': '1 000 000', 'visa_min_transaction': '1 000', 'visa_max_transaction': '1 000 000', 'mc_daily_limit': None, 'visa_daily_limit': None}",Экибастуз,"магазин ""Достык"", справа от главного входа, возле лестницы"
16800,"ул. М.Жусупа, стр. 88",51.7153,75.3343,False,"{'id': 4, 'name': 'ForteBank', 'tr_name': 'ФортеБанк', 'info': '', 'rank': None, 'atm_display_rank': 0, 'mobile_logo': '/maps/media/bank_logo/icon-bank-mobile-114-Fortebank.png', 'desktop_logo': '/maps/media/bank_logo/icon-bank-desktop-38-Fortebank.png', 'accept_mc': True, 'accept_visa': True, 'mc_min_transaction': '1 000', 'mc_max_transaction': '200 000', 'visa_min_transaction': '1 000', 'visa_max_transaction': '200 000', 'mc_daily_limit': '500 000', 'visa_daily_limit': '500 000'}",Экибастуз,"здание ТОО ""ЭМИРЭЙТ GROUP"""
1256,"ул. Торайгырова, д. 32",51.715294,75.31992,False,"{'id': 4, 'name': 'ForteBank', 'tr_name': 'ФортеБанк', 'info': '', 'rank': None, 'atm_display_rank': 0, 'mobile_logo': '/maps/media/bank_logo/icon-bank-mobile-114-Fortebank.png', 'desktop_logo': '/maps/media/bank_logo/icon-bank-desktop-38-Fortebank.png', 'accept_mc': True, 'accept_visa': True, 'mc_min_transaction': '1 000', 'mc_max_transaction': '200 000', 'visa_min_transaction': '1 000', 'visa_max_transaction': '200 000', 'mc_daily_limit': '500 000', 'visa_daily_limit': '500 000'}",Экибастуз,
12660,"ул. Шешембекова, д. 15",51.71812,75.328406,True,"{'id': 19, 'name': 'Казпочта', 'tr_name': 'Kazpochta', 'info': '', 'rank': None, 'atm_display_rank': 0, 'mobile_logo': '/maps/media/bank_logo/kazpost-114.png', 'desktop_logo': '/maps/media/bank_logo/kazpost-38.png', 'accept_mc': True, 'accept_visa': True, 'mc_min_transaction': '200', 'mc_max_transaction': '60 000', 'visa_min_transaction': '1 000', 'visa_max_transaction': '300 000', 'mc_daily_limit': '300 000', 'visa_daily_limit': None}",Экибастуз,
1260,"ул. Энергетиков, д. 54а",51.721233,75.296946,False,"{'id': 4, 'name': 'ForteBank', 'tr_name': 'ФортеБанк', 'info': '', 'rank': None, 'atm_display_rank': 0, 'mobile_logo': '/maps/media/bank_logo/icon-bank-mobile-114-Fortebank.png', 'desktop_logo': '/maps/media/bank_logo/icon-bank-desktop-38-Fortebank.png', 'accept_mc': True, 'accept_visa': True, 'mc_min_transaction': '1 000', 'mc_max_transaction': '200 000', 'visa_min_transaction': '1 000', 'visa_max_transaction': '200 000', 'mc_daily_limit': '500 000', 'visa_daily_limit': '500 000'}",Экибастуз,Экибастузский инженерно-технический институт им. Сатпаева
20026,"ул. Энергетиков, д. 93",51.717747,75.29402,False,"{'id': 19, 'name': 'Казпочта', 'tr_name': 'Kazpochta', 'info': '', 'rank': None, 'atm_display_rank': 0, 'mobile_logo': '/maps/media/bank_logo/kazpost-114.png', 'desktop_logo': '/maps/media/bank_logo/kazpost-38.png', 'accept_mc': True, 'accept_visa': True, 'mc_min_transaction': '200', 'mc_max_transaction': '60 000', 'visa_min_transaction': '1 000', 'visa_max_transaction': '300 000', 'mc_daily_limit': '300 000', 'visa_daily_limit': None}",Экибастуз,
22262,"пр. Абая, стр. 66",51.72562,75.31354,False,"{'id': 20, 'name': 'Halyk Bank', 'tr_name': 'Халык Банк', 'info': '', 'rank': None, 'atm_display_rank': 1, 'mobile_logo': '/maps/media/bank_logo/icon-bank-mobile-114-Halykbank.png', 'desktop_logo': '/maps/media/bank_logo/icon-bank-desktop-38-Halykbank.png', 'accept_mc': True, 'accept_visa': True, 'mc_min_transaction': '1 000', 'mc_max_transaction': '100 000', 'visa_min_transaction': '1 000', 'visa_max_transaction': '100 000', 'mc_daily_limit': None, 'visa_daily_limit': None}",Экибастуз,
13052,"ул. Ауэзова, д. 12",51.7309,75.329496,False,"{'id': 20, 'name': 'Halyk Bank', 'tr_name': 'Халык Банк', 'info': '', 'rank': None, 'atm_display_rank': 1, 'mobile_logo': '/maps/media/bank_logo/icon-bank-mobile-114-Halykbank.png', 'desktop_logo': '/maps/media/bank_logo/icon-bank-desktop-38-Halykbank.png', 'accept_mc': True, 'accept_visa': True, 'mc_min_transaction': '1 000', 'mc_max_transaction': '100 000', 'visa_min_transaction': '1 000', 'visa_max_transaction': '100 000', 'mc_daily_limit': None, 'visa_daily_limit': None}",Экибастуз,здание Горэлектросети
13053,"ул. Ауэзова, д. 130А",51.724,75.2936,False,"{'id': 20, 'name': 'Halyk Bank', 'tr_name': 'Халык Банк', 'info': '', 'rank': None, 'atm_display_rank': 1, 'mobile_logo': '/maps/media/bank_logo/icon-bank-mobile-114-Halykbank.png', 'desktop_logo': '/maps/media/bank_logo/icon-bank-desktop-38-Halykbank.png', 'accept_mc': True, 'accept_visa': True, 'mc_min_transaction': '1 000', 'mc_max_transaction': '100 000', 'visa_min_transaction': '1 000', 'visa_max_transaction': '100 000', 'mc_daily_limit': None, 'visa_daily_limit': None}",Экибастуз,
13029,"ул. Ауэзова, д. 151/61",51.7226,75.2911,False,"{'id': 20, 'name': 'Halyk Bank', 'tr_name': 'Халык Банк', 'info': '', 'rank': None, 'atm_display_rank': 1, 'mobile_logo': '/maps/media/bank_logo/icon-bank-mobile-114-Halykbank.png', 'desktop_logo': '/maps/media/bank_logo/icon-bank-desktop-38-Halykbank.png', 'accept_mc': True, 'accept_visa': True, 'mc_min_transaction': '1 000', 'mc_max_transaction': '100 000', 'visa_min_transaction': '1 000', 'visa_max_transaction': '100 000', 'mc_daily_limit': None, 'visa_daily_limit': None}",Экибастуз,"дом быта ""Сауле"""
13028,"ул. Ауэзова, д. 151/61",51.72255,75.2916,False,"{'id': 20, 'name': 'Halyk Bank', 'tr_name': 'Халык Банк', 'info': '', 'rank': None, 'atm_display_rank': 1, 'mobile_logo': '/maps/media/bank_logo/icon-bank-mobile-114-Halykbank.png', 'desktop_logo': '/maps/media/bank_logo/icon-bank-desktop-38-Halykbank.png', 'accept_mc': True, 'accept_visa': True, 'mc_min_transaction': '1 000', 'mc_max_transaction': '100 000', 'visa_min_transaction': '1 000', 'visa_max_transaction': '100 000', 'mc_daily_limit': None, 'visa_daily_limit': None}",Экибастуз,"дом быта ""Сауле"""
21541,"ул. Ауэзова, д. 161",51.722188,75.289762,False,"{'id': 20, 'name': 'Halyk Bank', 'tr_name': 'Халык Банк', 'info': '', 'rank': None, 'atm_display_rank': 1, 'mobile_logo': '/maps/media/bank_logo/icon-bank-mobile-114-Halykbank.png', 'desktop_logo': '/maps/media/bank_logo/icon-bank-desktop-38-Halykbank.png', 'accept_mc': True, 'accept_visa': True, 'mc_min_transaction': '1 000', 'mc_max_transaction': '100 000', 'visa_min_transaction': '1 000', 'visa_max_transaction': '100 000', 'mc_daily_limit': None, 'visa_daily_limit': None}",Экибастуз,
21542,"ул. Ауэзова, д. 38",51.729095,75.317853,False,"{'id': 20, 'name': 'Halyk Bank', 'tr_name': 'Халык Банк', 'info': '', 'rank': None, 'atm_display_rank': 1, 'mobile_logo': '/maps/media/bank_logo/icon-bank-mobile-114-Halykbank.png', 'desktop_logo': '/maps/media/bank_logo/icon-bank-desktop-38-Halykbank.png', 'accept_mc': True, 'accept_visa': True, 'mc_min_transaction': '1 000', 'mc_max_transaction': '100 000', 'visa_min_transaction': '1 000', 'visa_max_transaction': '100 000', 'mc_daily_limit': None, 'visa_daily_limit': None}",Экибастуз,
21535,"ул. Ауэзова, д. 38",51.729095,75.317853,False,"{'id': 20, 'name': 'Halyk Bank', 'tr_name': 'Халык Банк', 'info': '', 'rank': None, 'atm_display_rank': 1, 'mobile_logo': '/maps/media/bank_logo/icon-bank-mobile-114-Halykbank.png', 'desktop_logo': '/maps/media/bank_logo/icon-bank-desktop-38-Halykbank.png', 'accept_mc': True, 'accept_visa': True, 'mc_min_transaction': '1 000', 'mc_max_transaction': '100 000', 'visa_min_transaction': '1 000', 'visa_max_transaction': '100 000', 'mc_daily_limit': None, 'visa_daily_limit': None}",Экибастуз,
21543,"ул. Ауэзова, д. 38",51.729095,75.317853,False,"{'id': 20, 'name': 'Halyk Bank', 'tr_name': 'Халык Банк', 'info': '', 'rank': None, 'atm_display_rank': 1, 'mobile_logo': '/maps/media/bank_logo/icon-bank-mobile-114-Halykbank.png', 'desktop_logo': '/maps/media/bank_logo/icon-bank-desktop-38-Halykbank.png', 'accept_mc': True, 'accept_visa': True, 'mc_min_transaction': '1 000', 'mc_max_transaction': '100 000', 'visa_min_transaction': '1 000', 'visa_max_transaction': '100 000', 'mc_daily_limit': None, 'visa_daily_limit': None}",Экибастуз,
13032,"ул. Ауэзова, д. 47Б",51.7286,75.3239,False,"{'id': 20, 'name': 'Halyk Bank', 'tr_name': 'Халык Банк', 'info': '', 'rank': None, 'atm_display_rank': 1, 'mobile_logo': '/maps/media/bank_logo/icon-bank-mobile-114-Halykbank.png', 'desktop_logo': '/maps/media/bank_logo/icon-bank-desktop-38-Halykbank.png', 'accept_mc': True, 'accept_visa': True, 'mc_min_transaction': '1 000', 'mc_max_transaction': '100 000', 'visa_min_transaction': '1 000', 'visa_max_transaction': '100 000', 'mc_daily_limit': None, 'visa_daily_limit': None}",Экибастуз,"ТД MAXIMALL, справа от эскалатора"
13058,"ул. Ауэзова, д. 47Б",51.7286,75.3239,False,"{'id': 20, 'name': 'Halyk Bank', 'tr_name': 'Халык Банк', 'info': '', 'rank': None, 'atm_display_rank': 1, 'mobile_logo': '/maps/media/bank_logo/icon-bank-mobile-114-Halykbank.png', 'desktop_logo': '/maps/media/bank_logo/icon-bank-desktop-38-Halykbank.png', 'accept_mc': True, 'accept_visa': True, 'mc_min_transaction': '1 000', 'mc_max_transaction': '100 000', 'visa_min_transaction': '1 000', 'visa_max_transaction': '100 000', 'mc_daily_limit': None, 'visa_daily_limit': None}",Экибастуз,ТД MAXIMALL
13077,"ул. Ауэзова, д. 47Б",51.7286,75.3239,False,"{'id': 20, 'name': 'Halyk Bank', 'tr_name': 'Халык Банк', 'info': '', 'rank': None, 'atm_display_rank': 1, 'mobile_logo': '/maps/media/bank_logo/icon-bank-mobile-114-Halykbank.png', 'desktop_logo': '/maps/media/bank_logo/icon-bank-desktop-38-Halykbank.png', 'accept_mc': True, 'accept_visa': True, 'mc_min_transaction': '1 000', 'mc_max_transaction': '100 000', 'visa_min_transaction': '1 000', 'visa_max_transaction': '100 000', 'mc_daily_limit': None, 'visa_daily_limit': None}",Экибастуз,"ТД MAXIMALL, слева от эскалатора"
13034,"ул. Ауэзова, д. 49 Б",51.727868,75.321495,False,"{'id': 20, 'name': 'Halyk Bank', 'tr_name': 'Халык Банк', 'info': '', 'rank': None, 'atm_display_rank': 1, 'mobile_logo': '/maps/media/bank_logo/icon-bank-mobile-114-Halykbank.png', 'desktop_logo': '/maps/media/bank_logo/icon-bank-desktop-38-Halykbank.png', 'accept_mc': True, 'accept_visa': True, 'mc_min_transaction': '1 000', 'mc_max_transaction': '100 000', 'visa_min_transaction': '1 000', 'visa_max_transaction': '100 000', 'mc_daily_limit': None, 'visa_daily_limit': None}",Экибастуз,ТЦ БОЛАШАК
13033,"ул. Ауэзова, д. 49 Б",51.727868,75.321495,False,"{'id': 20, 'name': 'Halyk Bank', 'tr_name': 'Халык Банк', 'info': '', 'rank': None, 'atm_display_rank': 1, 'mobile_logo': '/maps/media/bank_logo/icon-bank-mobile-114-Halykbank.png', 'desktop_logo': '/maps/media/bank_logo/icon-bank-desktop-38-Halykbank.png', 'accept_mc': True, 'accept_visa': True, 'mc_min_transaction': '1 000', 'mc_max_transaction': '100 000', 'visa_min_transaction': '1 000', 'visa_max_transaction': '100 000', 'mc_daily_limit': None, 'visa_daily_limit': None}",Экибастуз,"ТЦ БОЛАШАК, слева от эскалатора"
13075,"ул. Ауэзова, д. 49Б",51.728113,75.322245,False,"{'id': 20, 'name': 'Halyk Bank', 'tr_name': 'Халык Банк', 'info': '', 'rank': None, 'atm_display_rank': 1, 'mobile_logo': '/maps/media/bank_logo/icon-bank-mobile-114-Halykbank.png', 'desktop_logo': '/maps/media/bank_logo/icon-bank-desktop-38-Halykbank.png', 'accept_mc': True, 'accept_visa': True, 'mc_min_transaction': '1 000', 'mc_max_transaction': '100 000', 'visa_min_transaction': '1 000', 'visa_max_transaction': '100 000', 'mc_daily_limit': None, 'visa_daily_limit': None}",Экибастуз,(возле эскалатора с правой стороны)
13056,"ул. Ауэзова, д. 51",51.72752,75.319864,False,"{'id': 20, 'name': 'Halyk Bank', 'tr_name': 'Халык Банк', 'info': '', 'rank': None, 'atm_display_rank': 1, 'mobile_logo': '/maps/media/bank_logo/icon-bank-mobile-114-Halykbank.png', 'desktop_logo': '/maps/media/bank_logo/icon-bank-desktop-38-Halykbank.png', 'accept_mc': True, 'accept_visa': True, 'mc_min_transaction': '1 000', 'mc_max_transaction': '100 000', 'visa_min_transaction': '1 000', 'visa_max_transaction': '100 000', 'mc_daily_limit': None, 'visa_daily_limit': None}",Экибастуз,
13055,"ул. Ауэзова, д. 51",51.72752,75.319864,False,"{'id': 20, 'name': 'Halyk Bank', 'tr_name': 'Халык Банк', 'info': '', 'rank': None, 'atm_display_rank': 1, 'mobile_logo': '/maps/media/bank_logo/icon-bank-mobile-114-Halykbank.png', 'desktop_logo': '/maps/media/bank_logo/icon-bank-desktop-38-Halykbank.png', 'accept_mc': True, 'accept_visa': True, 'mc_min_transaction': '1 000', 'mc_max_transaction': '100 000', 'visa_min_transaction': '1 000', 'visa_max_transaction': '100 000', 'mc_daily_limit': None, 'visa_daily_limit': None}",Экибастуз,
13035,"ул. Ауэзова, д. 53Б",51.7269755098939,75.3207585350558,False,"{'id': 20, 'name': 'Halyk Bank', 'tr_name': 'Халык Банк', 'info': '', 'rank': None, 'atm_display_rank': 1, 'mobile_logo': '/maps/media/bank_logo/icon-bank-mobile-114-Halykbank.png', 'desktop_logo': '/maps/media/bank_logo/icon-bank-desktop-38-Halykbank.png', 'accept_mc': True, 'accept_visa': True, 'mc_min_transaction': '1 000', 'mc_max_transaction': '100 000', 'visa_min_transaction': '1 000', 'visa_max_transaction': '100 000', 'mc_daily_limit': None, 'visa_daily_limit': None}",Экибастуз,ТД Сары Арка
13036,"ул. Ауэзова, д. 83",51.725388,75.306112,False,"{'id': 20, 'name': 'Halyk Bank', 'tr_name': 'Халык Банк', 'info': '', 'rank': None, 'atm_display_rank': 1, 'mobile_logo': '/maps/media/bank_logo/icon-bank-mobile-114-Halykbank.png', 'desktop_logo': '/maps/media/bank_logo/icon-bank-desktop-38-Halykbank.png', 'accept_mc': True, 'accept_visa': True, 'mc_min_transaction': '1 000', 'mc_max_transaction': '100 000', 'visa_min_transaction': '1 000', 'visa_max_transaction': '100 000', 'mc_daily_limit': None, 'visa_daily_limit': None}",Экибастуз,
13037,"ул. Беркимбаева, д. 190",51.7069611182408,75.3102675381924,False,"{'id': 20, 'name': 'Halyk Bank', 'tr_name': 'Халык Банк', 'info': '', 'rank': None, 'atm_display_rank': 1, 'mobile_logo': '/maps/media/bank_logo/icon-bank-mobile-114-Halykbank.png', 'desktop_logo': '/maps/media/bank_logo/icon-bank-desktop-38-Halykbank.png', 'accept_mc': True, 'accept_visa': True, 'mc_min_transaction': '1 000', 'mc_max_transaction': '100 000', 'visa_min_transaction': '1 000', 'visa_max_transaction': '100 000', 'mc_daily_limit': None, 'visa_daily_limit': None}",Экибастуз,
13038,"ул. Беркимбаева, д. 92",51.7229274672949,75.3050263854927,False,"{'id': 20, 'name': 'Halyk Bank', 'tr_name': 'Халык Банк', 'info': '', 'rank': None, 'atm_display_rank': 1, 'mobile_logo': '/maps/media/bank_logo/icon-bank-mobile-114-Halykbank.png', 'desktop_logo': '/maps/media/bank_logo/icon-bank-desktop-38-Halykbank.png', 'accept_mc': True, 'accept_visa': True, 'mc_min_transaction': '1 000', 'mc_max_transaction': '100 000', 'visa_min_transaction': '1 000', 'visa_max_transaction': '100 000', 'mc_daily_limit': None, 'visa_daily_limit': None}",Экибастуз,
13080,"ул. Беркимбаева, д. 97",51.722941306646,75.3061191276469,False,"{'id': 20, 'name': 'Halyk Bank', 'tr_name': 'Халык Банк', 'info': '', 'rank': None, 'atm_display_rank': 1, 'mobile_logo': '/maps/media/bank_logo/icon-bank-mobile-114-Halykbank.png', 'desktop_logo': '/maps/media/bank_logo/icon-bank-desktop-38-Halykbank.png', 'accept_mc': True, 'accept_visa': True, 'mc_min_transaction': '1 000', 'mc_max_transaction': '100 000', 'visa_min_transaction': '1 000', 'visa_max_transaction': '100 000', 'mc_daily_limit': None, 'visa_daily_limit': None}",Экибастуз,DARIYA FOOD STORE
13074,"ул. Б.Момышулы, стр. 49А",51.729346,75.333717,False,"{'id': 20, 'name': 'Halyk Bank', 'tr_name': 'Халык Банк', 'info': '', 'rank': None, 'atm_display_rank': 1, 'mobile_logo': '/maps/media/bank_logo/icon-bank-mobile-114-Halykbank.png', 'desktop_logo': '/maps/media/bank_logo/icon-bank-desktop-38-Halykbank.png', 'accept_mc': True, 'accept_visa': True, 'mc_min_transaction': '1 000', 'mc_max_transaction': '100 000', 'visa_min_transaction': '1 000', 'visa_max_transaction': '100 000', 'mc_daily_limit': None, 'visa_daily_limit': None}",Экибастуз,
22674,"ул. Кеншилер, д. 122",51.72987,75.296185,False,"{'id': 20, 'name': 'Halyk Bank', 'tr_name': 'Халык Банк', 'info': '', 'rank': None, 'atm_display_rank': 1, 'mobile_logo': '/maps/media/bank_logo/icon-bank-mobile-114-Halykbank.png', 'desktop_logo': '/maps/media/bank_logo/icon-bank-desktop-38-Halykbank.png', 'accept_mc': True, 'accept_visa': True, 'mc_min_transaction': '1 000', 'mc_max_transaction': '100 000', 'visa_min_transaction': '1 000', 'visa_max_transaction': '100 000', 'mc_daily_limit': None, 'visa_daily_limit': None}",Экибастуз,
21548,"ул. Кеншилер, д. 15",51.734104,75.320242,False,"{'id': 20, 'name': 'Halyk Bank', 'tr_name': 'Халык Банк', 'info': '', 'rank': None, 'atm_display_rank': 1, 'mobile_logo': '/maps/media/bank_logo/icon-bank-mobile-114-Halykbank.png', 'desktop_logo': '/maps/media/bank_logo/icon-bank-desktop-38-Halykbank.png', 'accept_mc': True, 'accept_visa': True, 'mc_min_transaction': '1 000', 'mc_max_transaction': '100 000', 'visa_min_transaction': '1 000', 'visa_max_transaction': '100 000', 'mc_daily_limit': None, 'visa_daily_limit': None}",Экибастуз,
21550,"ул. Кеншилер, д. 18",51.734824,75.318616,False,"{'id': 20, 'name': 'Halyk Bank', 'tr_name': 'Халык Банк', 'info': '', 'rank': None, 'atm_display_rank': 1, 'mobile_logo': '/maps/media/bank_logo/icon-bank-mobile-114-Halykbank.png', 'desktop_logo': '/maps/media/bank_logo/icon-bank-desktop-38-Halykbank.png', 'accept_mc': True, 'accept_visa': True, 'mc_min_transaction': '1 000', 'mc_max_transaction': '100 000', 'visa_min_transaction': '1 000', 'visa_max_transaction': '100 000', 'mc_daily_limit': None, 'visa_daily_limit': None}",Экибастуз,
21536,"ул. Кеншилер, д. 18",51.734824,75.318616,False,"{'id': 20, 'name': 'Halyk Bank', 'tr_name': 'Халык Банк', 'info': '', 'rank': None, 'atm_display_rank': 1, 'mobile_logo': '/maps/media/bank_logo/icon-bank-mobile-114-Halykbank.png', 'desktop_logo': '/maps/media/bank_logo/icon-bank-desktop-38-Halykbank.png', 'accept_mc': True, 'accept_visa': True, 'mc_min_transaction': '1 000', 'mc_max_transaction': '100 000', 'visa_min_transaction': '1 000', 'visa_max_transaction': '100 000', 'mc_daily_limit': None, 'visa_daily_limit': None}",Экибастуз,
21545,"ул. Кеншилер, д. 19",51.733133,75.318481,False,"{'id': 20, 'name': 'Halyk Bank', 'tr_name': 'Халык Банк', 'info': '', 'rank': None, 'atm_display_rank': 1, 'mobile_logo': '/maps/media/bank_logo/icon-bank-mobile-114-Halykbank.png', 'desktop_logo': '/maps/media/bank_logo/icon-bank-desktop-38-Halykbank.png', 'accept_mc': True, 'accept_visa': True, 'mc_min_transaction': '1 000', 'mc_max_transaction': '100 000', 'visa_min_transaction': '1 000', 'visa_max_transaction': '100 000', 'mc_daily_limit': None, 'visa_daily_limit': None}",Экибастуз,
13062,"ул. Королева, д. 83а",51.717007,75.286909,False,"{'id': 20, 'name': 'Halyk Bank', 'tr_name': 'Халык Банк', 'info': '', 'rank': None, 'atm_display_rank': 1, 'mobile_logo': '/maps/media/bank_logo/icon-bank-mobile-114-Halykbank.png', 'desktop_logo': '/maps/media/bank_logo/icon-bank-desktop-38-Halykbank.png', 'accept_mc': True, 'accept_visa': True, 'mc_min_transaction': '1 000', 'mc_max_transaction': '100 000', 'visa_min_transaction': '1 000', 'visa_max_transaction': '100 000', 'mc_daily_limit': None, 'visa_daily_limit': None}",Экибастуз,ТД Дария
21888,"ул. Ломоносова, д. 25А",51.739748,75.314502,False,"{'id': 20, 'name': 'Halyk Bank', 'tr_name': 'Халык Банк', 'info': '', 'rank': None, 'atm_display_rank': 1, 'mobile_logo': '/maps/media/bank_logo/icon-bank-mobile-114-Halykbank.png', 'desktop_logo': '/maps/media/bank_logo/icon-bank-desktop-38-Halykbank.png', 'accept_mc': True, 'accept_visa': True, 'mc_min_transaction': '1 000', 'mc_max_transaction': '100 000', 'visa_min_transaction': '1 000', 'visa_max_transaction': '100 000', 'mc_daily_limit': None, 'visa_daily_limit': None}",Экибастуз,
21547,"ул. Машhур Жусупа, д. 52Б",51.725145,75.327599,False,"{'id': 20, 'name': 'Halyk Bank', 'tr_name': 'Халык Банк', 'info': '', 'rank': None, 'atm_display_rank': 1, 'mobile_logo': '/maps/media/bank_logo/icon-bank-mobile-114-Halykbank.png', 'desktop_logo': '/maps/media/bank_logo/icon-bank-desktop-38-Halykbank.png', 'accept_mc': True, 'accept_visa': True, 'mc_min_transaction': '1 000', 'mc_max_transaction': '100 000', 'visa_min_transaction': '1 000', 'visa_max_transaction': '100 000', 'mc_daily_limit': None, 'visa_daily_limit': None}",Экибастуз,
21537,"ул. Машhур Жүсупа, д. 62",51.721128,75.329872,False,"{'id': 20, 'name': 'Halyk Bank', 'tr_name': 'Халык Банк', 'info': '', 'rank': None, 'atm_display_rank': 1, 'mobile_logo': '/maps/media/bank_logo/icon-bank-mobile-114-Halykbank.png', 'desktop_logo': '/maps/media/bank_logo/icon-bank-desktop-38-Halykbank.png', 'accept_mc': True, 'accept_visa': True, 'mc_min_transaction': '1 000', 'mc_max_transaction': '100 000', 'visa_min_transaction': '1 000', 'visa_max_transaction': '100 000', 'mc_daily_limit': None, 'visa_daily_limit': None}",Экибастуз,
21549,"ул. Машhур Жусупа, д. 78А",51.719042,75.33086,False,"{'id': 20, 'name': 'Halyk Bank', 'tr_name': 'Халык Банк', 'info': '', 'rank': None, 'atm_display_rank': 1, 'mobile_logo': '/maps/media/bank_logo/icon-bank-mobile-114-Halykbank.png', 'desktop_logo': '/maps/media/bank_logo/icon-bank-desktop-38-Halykbank.png', 'accept_mc': True, 'accept_visa': True, 'mc_min_transaction': '1 000', 'mc_max_transaction': '100 000', 'visa_min_transaction': '1 000', 'visa_max_transaction': '100 000', 'mc_daily_limit': None, 'visa_daily_limit': None}",Экибастуз,
21555,"ул. Машhур Жүсупа, д. 83А",51.720994,75.33192,False,"{'id': 20, 'name': 'Halyk Bank', 'tr_name': 'Халык Банк', 'info': '', 'rank': None, 'atm_display_rank': 1, 'mobile_logo': '/maps/media/bank_logo/icon-bank-mobile-114-Halykbank.png', 'desktop_logo': '/maps/media/bank_logo/icon-bank-desktop-38-Halykbank.png', 'accept_mc': True, 'accept_visa': True, 'mc_min_transaction': '1 000', 'mc_max_transaction': '100 000', 'visa_min_transaction': '1 000', 'visa_max_transaction': '100 000', 'mc_daily_limit': None, 'visa_daily_limit': None}",Экибастуз,
21546,"ул. Машhур Жусупа, д. 88",51.7161,75.3322,False,"{'id': 20, 'name': 'Halyk Bank', 'tr_name': 'Халык Банк', 'info': '', 'rank': None, 'atm_display_rank': 1, 'mobile_logo': '/maps/media/bank_logo/icon-bank-mobile-114-Halykbank.png', 'desktop_logo': '/maps/media/bank_logo/icon-bank-desktop-38-Halykbank.png', 'accept_mc': True, 'accept_visa': True, 'mc_min_transaction': '1 000', 'mc_max_transaction': '100 000', 'visa_min_transaction': '1 000', 'visa_max_transaction': '100 000', 'mc_daily_limit': None, 'visa_daily_limit': None}",Экибастуз,
22260,"ул. Машхур Жусупа, д. 78",51.719,75.3309,False,"{'id': 20, 'name': 'Halyk Bank', 'tr_name': 'Халык Банк', 'info': '', 'rank': None, 'atm_display_rank': 1, 'mobile_logo': '/maps/media/bank_logo/icon-bank-mobile-114-Halykbank.png', 'desktop_logo': '/maps/media/bank_logo/icon-bank-desktop-38-Halykbank.png', 'accept_mc': True, 'accept_visa': True, 'mc_min_transaction': '1 000', 'mc_max_transaction': '100 000', 'visa_min_transaction': '1 000', 'visa_max_transaction': '100 000', 'mc_daily_limit': None, 'visa_daily_limit': None}",Экибастуз,
22263,"ул. Машхур Жусупа, д. 78",51.7191,75.3309,False,"{'id': 20, 'name': 'Halyk Bank', 'tr_name': 'Халык Банк', 'info': '', 'rank': None, 'atm_display_rank': 1, 'mobile_logo': '/maps/media/bank_logo/icon-bank-mobile-114-Halykbank.png', 'desktop_logo': '/maps/media/bank_logo/icon-bank-desktop-38-Halykbank.png', 'accept_mc': True, 'accept_visa': True, 'mc_min_transaction': '1 000', 'mc_max_transaction': '100 000', 'visa_min_transaction': '1 000', 'visa_max_transaction': '100 000', 'mc_daily_limit': None, 'visa_daily_limit': None}",Экибастуз,
21539,"ул. Машхур Жусупа, д. 83А",51.721173,75.331723,False,"{'id': 20, 'name': 'Halyk Bank', 'tr_name': 'Халык Банк', 'info': '', 'rank': None, 'atm_display_rank': 1, 'mobile_logo': '/maps/media/bank_logo/icon-bank-mobile-114-Halykbank.png', 'desktop_logo': '/maps/media/bank_logo/icon-bank-desktop-38-Halykbank.png', 'accept_mc': True, 'accept_visa': True, 'mc_min_transaction': '1 000', 'mc_max_transaction': '100 000', 'visa_min_transaction': '1 000', 'visa_max_transaction': '100 000', 'mc_daily_limit': None, 'visa_daily_limit': None}",Экибастуз,
13081,"ул. М.Жусупа, д. 151А",51.703598328855,75.3400508220901,False,"{'id': 20, 'name': 'Halyk Bank', 'tr_name': 'Халык Банк', 'info': '', 'rank': None, 'atm_display_rank': 1, 'mobile_logo': '/maps/media/bank_logo/icon-bank-mobile-114-Halykbank.png', 'desktop_logo': '/maps/media/bank_logo/icon-bank-desktop-38-Halykbank.png', 'accept_mc': True, 'accept_visa': True, 'mc_min_transaction': '1 000', 'mc_max_transaction': '100 000', 'visa_min_transaction': '1 000', 'visa_max_transaction': '100 000', 'mc_daily_limit': None, 'visa_daily_limit': None}",Экибастуз,"магазин ""Бахыт"""
13070,"ул. М.Жусупа, д. 62",51.721133,75.329974,False,"{'id': 20, 'name': 'Halyk Bank', 'tr_name': 'Халык Банк', 'info': '', 'rank': None, 'atm_display_rank': 1, 'mobile_logo': '/maps/media/bank_logo/icon-bank-mobile-114-Halykbank.png', 'desktop_logo': '/maps/media/bank_logo/icon-bank-desktop-38-Halykbank.png', 'accept_mc': True, 'accept_visa': True, 'mc_min_transaction': '1 000', 'mc_max_transaction': '100 000', 'visa_min_transaction': '1 000', 'visa_max_transaction': '100 000', 'mc_daily_limit': None, 'visa_daily_limit': None}",Экибастуз,
13044,"ул. М.Жусупа, д. 83А",51.721574,75.331079,False,"{'id': 20, 'name': 'Halyk Bank', 'tr_name': 'Халык Банк', 'info': '', 'rank': None, 'atm_display_rank': 1, 'mobile_logo': '/maps/media/bank_logo/icon-bank-mobile-114-Halykbank.png', 'desktop_logo': '/maps/media/bank_logo/icon-bank-desktop-38-Halykbank.png', 'accept_mc': True, 'accept_visa': True, 'mc_min_transaction': '1 000', 'mc_max_transaction': '100 000', 'visa_min_transaction': '1 000', 'visa_max_transaction': '100 000', 'mc_daily_limit': None, 'visa_daily_limit': None}",Экибастуз,"магазин ""Достык"""
13066,"ул. Момышулы, стр. 49А",51.729346,75.333717,False,"{'id': 20, 'name': 'Halyk Bank', 'tr_name': 'Халык Банк', 'info': '', 'rank': None, 'atm_display_rank': 1, 'mobile_logo': '/maps/media/bank_logo/icon-bank-mobile-114-Halykbank.png', 'desktop_logo': '/maps/media/bank_logo/icon-bank-desktop-38-Halykbank.png', 'accept_mc': True, 'accept_visa': True, 'mc_min_transaction': '1 000', 'mc_max_transaction': '100 000', 'visa_min_transaction': '1 000', 'visa_max_transaction': '100 000', 'mc_daily_limit': None, 'visa_daily_limit': None}",Экибастуз,ТЦ БОЛАШАК
21540,"ул. Сатпаева, д. 13",51.72201,75.324985,False,"{'id': 20, 'name': 'Halyk Bank', 'tr_name': 'Халык Банк', 'info': '', 'rank': None, 'atm_display_rank': 1, 'mobile_logo': '/maps/media/bank_logo/icon-bank-mobile-114-Halykbank.png', 'desktop_logo': '/maps/media/bank_logo/icon-bank-desktop-38-Halykbank.png', 'accept_mc': True, 'accept_visa': True, 'mc_min_transaction': '1 000', 'mc_max_transaction': '100 000', 'visa_min_transaction': '1 000', 'visa_max_transaction': '100 000', 'mc_daily_limit': None, 'visa_daily_limit': None}",Экибастуз,
21538,"ул. Энергетиков, д. 105/1",51.715593,75.294856,False,"{'id': 20, 'name': 'Halyk Bank', 'tr_name': 'Халык Банк', 'info': '', 'rank': None, 'atm_display_rank': 1, 'mobile_logo': '/maps/media/bank_logo/icon-bank-mobile-114-Halykbank.png', 'desktop_logo': '/maps/media/bank_logo/icon-bank-desktop-38-Halykbank.png', 'accept_mc': True, 'accept_visa': True, 'mc_min_transaction': '1 000', 'mc_max_transaction': '100 000', 'visa_min_transaction': '1 000', 'visa_max_transaction': '100 000', 'mc_daily_limit': None, 'visa_daily_limit': None}",Экибастуз,
13084,"ул. Энергетиков, д. 81А",51.720106,75.292595,False,"{'id': 20, 'name': 'Halyk Bank', 'tr_name': 'Халык Банк', 'info': '', 'rank': None, 'atm_display_rank': 1, 'mobile_logo': '/maps/media/bank_logo/icon-bank-mobile-114-Halykbank.png', 'desktop_logo': '/maps/media/bank_logo/icon-bank-desktop-38-Halykbank.png', 'accept_mc': True, 'accept_visa': True, 'mc_min_transaction': '1 000', 'mc_max_transaction': '100 000', 'visa_min_transaction': '1 000', 'visa_max_transaction': '100 000', 'mc_daily_limit': None, 'visa_daily_limit': None}",Экибастуз,магазин Duman
